报告期,单季收入,收入同比,收入环比,单季毛利率,单季归母净利润,归母同比,归母环比,扣非归母净利润,期间费用率,研发费用率,单位,口径,来源,证据等级
2024Q1,83.99,未可靠计算,未可靠计算,11.20%,3.26,未可靠计算,未可靠计算,3.04,5.28%,0.82%,亿元人民币，另有说明除外,Q2/Q4为同口径累计数差分；资产负债表不差分,2024对应定期报告,A（差分为作者计算）
2024Q2,103.76,未可靠计算,23.53%,12.52%,4.74,未可靠计算,45.16%,6.94,3.68%,0.90%,亿元人民币，另有说明除外,Q2/Q4为同口径累计数差分；资产负债表不差分,2024对应定期报告,A（差分为作者计算）
2024Q3,104.38,未可靠计算,0.60%,11.09%,4.84,未可靠计算,2.10%,4.52,4.70%,1.06%,亿元人民币，另有说明除外,Q2/Q4为同口径累计数差分；资产负债表不差分,2024对应定期报告,A（差分为作者计算）
2024Q4,127.60,未可靠计算,22.25%,4.93%,1.61,未可靠计算,-66.74%,4.93,1.92%,0.97%,亿元人民币，另有说明除外,Q2/Q4为同口径累计数差分；资产负债表不差分,2024对应定期报告,A（差分为作者计算）
2025Q1,97.29,15.82%,-23.76%,11.50%,4.99,53.08%,210.55%,4.94,4.00%,0.77%,亿元人民币，另有说明除外,Q2/Q4为同口径累计数差分；资产负债表不差分,2025对应定期报告,A（差分为作者计算）
2025Q2,113.65,9.53%,16.82%,13.06%,5.62,18.76%,12.61%,8.10,3.01%,0.93%,亿元人民币，另有说明除外,Q2/Q4为同口径累计数差分；资产负债表不差分,2025对应定期报告,A（差分为作者计算）
2025Q3,133.24,27.65%,17.24%,9.89%,6.83,41.34%,21.52%,6.67,3.02%,0.83%,亿元人民币，另有说明除外,Q2/Q4为同口径累计数差分；资产负债表不差分,2025对应定期报告,A（差分为作者计算）
2025Q4,91.18,-28.54%,-31.57%,11.32%,2.21,37.32%,-67.69%,4.48,4.09%,1.63%,亿元人民币，另有说明除外,Q2/Q4为同口径累计数差分；资产负债表不差分,2025对应定期报告,A（差分为作者计算）
2026Q1,155.52,59.86%,70.57%,10.04%,8.68,73.71%,292.84%,8.52,2.46%,0.48%,亿元人民币，另有说明除外,Q2/Q4为同口径累计数差分；资产负债表不差分,2026对应定期报告,A（差分为作者计算）
