报告期,货币资金,应收账款,应收票据/应收款项融资,存货,合同资产,固定资产,在建工程,有息负债,合同负债,资产负债率,单位,口径,来源,证据等级
2024Q1,161023,52412,"未单列",1055,"未单列",54627,12528,352734,110466,44.33%,人民币百万元,"货币资金仅列现金及现金等价物；有息负债=流动及非流动借款+应付票据；合同负债以递延收入代替","reports/2024Q1_hkex.pdf",A
2024Q2,153511,52250,"未单列",4387,"未单列",57195,13463,343393,111769,43.95%,人民币百万元,"货币资金仅列现金及现金等价物；有息负债=流动及非流动借款+应付票据；合同负债以递延收入代替","reports/2024Q2_hkex.pdf",A
2024Q3,145468,47336,"未单列",9823,"未单列",69583,12801,330055,113056,43.11%,人民币百万元,"货币资金仅列现金及现金等价物；有息负债=流动及非流动借款+应付票据；合同负债以递延收入代替","reports/2024Q3_hkex.pdf",A
2024Q4,132519,48203,"未单列",440,"未单列",80185,12302,338615,106333,40.83%,人民币百万元,"货币资金仅列现金及现金等价物；有息负债=流动及非流动借款+应付票据；合同负债以递延收入代替","reports/2024_annual.pdf",A
2025Q1,205253,49311,"未单列",427,"未单列",91727,13250,385796,127362,41.46%,人民币百万元,"货币资金仅列现金及现金等价物；有息负债=流动及非流动借款+应付票据；合同负债以递延收入代替","reports/2025Q1_hkex.pdf",A
2025Q2,182057,51315,"未单列",435,"未单列",118565,14438,393815,125310,40.26%,人民币百万元,"货币资金仅列现金及现金等价物；有息负债=流动及非流动借款+应付票据；合同负债以递延收入代替","reports/2025Q2_hkex.pdf",A
2025Q3,159982,52357,"未单列",550,"未单列",140463,9542,390926,125891,39.20%,人民币百万元,"货币资金仅列现金及现金等价物；有息负债=流动及非流动借款+应付票据；合同负债以递延收入代替","reports/2025Q3_hkex.pdf",A
2025Q4,141041,49930,"未单列",530,"未单列",149905,9670,387733,112519,39.13%,人民币百万元,"货币资金仅列现金及现金等价物；有息负债=流动及非流动借款+应付票据；合同负债以递延收入代替","reports/2025_annual.pdf",A
2026Q1,217770,58116,"未单列",582,"未单列",165666,5719,386805,143883,40.94%,人民币百万元,"货币资金仅列现金及现金等价物；有息负债=流动及非流动借款+应付票据；合同负债以递延收入代替","reports/2026Q1_hkex.pdf",A
